{
    "conf": 0.1801429023521206,
    "nms": 0.17062599727552935,
    "track_thresh": 0.7700083765905057,
    "match_thresh": 0.6753956800105062,
    "track_buffer": 300,
    "min-box-area": 100
}